article_id,name_th,name_en
10000027," Vกาวลาเท็กซ์ จระเข้ 1035 50กก"," NDW Adhesives atex 1035 50kg"
10000027," Vกาวลาเท็กซ์ จระเข้ 1035 50กก"," NDW Adhesives atex 1035 50kg"
10000041," Dบัวเชิงผนังยาง สีเทา STARFLEX 50ม(Test)"," Dบัวเชิงผนังยาง สีเทา STARFLEX 50ม"
10000041," Dบัวเชิงผนังยาง สีเทา STARFLEX 50ม(Test)"," Dบัวเชิงผนังยาง สีเทา STARFLEX 50ม"
10000041," Dบัวเชิงผนังยาง สีเทา STARFLEX 50ม(Test)"," Dบัวเชิงผนังยาง สีเทา STARFLEX 50ม"
10000080," เซี้ยมPVC 10มิล*2ม SUCCESS-CT10 สีครีม"," None"
10000080," เซี้ยมPVC 10มิล*2ม SUCCESS-CT10 สีครีม"," None"
10000084," เซี้ยมPVC 6มิล*2ม SUCCESSCT6 สีครีม01"," SUCCESSCORNER BEAD 6ML.PVC NOCT6(CREAM01"
10000084," เซี้ยมPVC 6มิล*2ม SUCCESSCT6 สีครีม01"," SUCCESSCORNER BEAD 6ML.PVC NOCT6(CREAM01"
10000087," 20200228 ROCKET สีน้ำภายนอก-ด้านTest01"," 20200228 ROCKET สีน้ำภายนอก-ด้าน"
10000087," 20200228 ROCKET สีน้ำภายนอก-ด้านTest01"," 20200228 ROCKET สีน้ำภายนอก-ด้าน"
10000090," อ่างล้างหน้า MR-999"," อ่างล้างหน้า MR-999"
10000090," อ่างล้างหน้า MR-999"," อ่างล้างหน้า MR-999"
10000222," เลื่อยตัดฝ้า 6""OK9018 NASH"," Timber Moulding 1นิ้วx1/2นิ้วx2m 086"
10000223," ลวดมิเนียม กลม*ม้วน 12กก."," None"
10000225," คิ้วไม้ 2 นิ้วx 2 เมตร รุ่น A76"," Timber Moulding 2นิ้วx1/4นิ้วx2m A76"
10000226," คิ้วไม้ 2นิ้วx3/8นิ้วx2ม A50"," Timber Moulding 2นิ้วx3/8นิ้วx2m A50"
10000233," 23032020 IAT 1"," 23032020 IAT 1"
10000238," DUMMY-STOCK*ตำแหน่งไม่มีสินค้า*"," None"
10000238," DUMMY-STOCK*ตำแหน่งไม่มีสินค้า*"," None"
10000238," DUMMY-STOCK*ตำแหน่งไม่มีสินค้า*"," None"
10000244," 23032020 IAT 1"," 23032020 IAT 1"
10000245," 23032020 IAT 1"," 23032020 IAT 1"
10000245," 23032020 IAT 1"," 23032020 IAT 1"
10000247," คิ้วไม้ 1นิ้ว1/2x3/4x2ม 102"," Timber Moulding 1นิ้ว1/2x3/4x2m 102"
10000248," 122333"," None"
10000251," PANASONIC เครื่องทำน้ำอุ่น 3500 วัตต์"," PANASONIC"
10000251," PANASONIC เครื่องทำน้ำอุ่น 3500 วัตต์"," PANASONIC"
10000251," PANASONIC เครื่องทำน้ำอุ่น 3500 วัตต์"," PANASONIC"
10000253," P-กระเบื้องรวมเลททุกสีทุกลาย"," None"
10000254," ZINSANO เครื่องมืออเนกประสงค์"," ZINSANO ZINSANO"
10000254," ZINSANO เครื่องมืออเนกประสงค์"," ZINSANO ZINSANO"
10000254," ZINSANO เครื่องมืออเนกประสงค์"," ZINSANO ZINSANO"
10000257," PANASONIC เครื่องทำน้ำอุ่น 3500 วัตต์"," PANASONIC"
10000257," PANASONIC เครื่องทำน้ำอุ่น 3500 วัตต์"," PANASONIC"
10000259," PANASONIC เครื่องทำน้ำอุ่น 3500 วัตต์"," PANASONIC"
10000260," ZINSANO เครื่องมืออเนกประสงค์"," ZINSANO ZINSANO"
10000262," ZINSANO เครื่องมืออเนกประสงค์"," ZINSANO ZINSANO"
10000263," PANASONIC เครื่องทำน้ำอุ่น 3500 วัตต์"," PANASONIC"
10000266," คิ้วไม้ 3/4นิ้วx3/4นิ้วx2ม A26"," Timber Moulding 3/4นิ้วx3/4นิ้วx2m A26"
10000268," คิ้วไม้ 3/4นิ้วx3/8นิ้วx2ม A96"," Timber Moulding 3/4นิ้วx3/8นิ้วx2m A96"
10000270," คิ้วไม้ 3/8นิ้วx5/8นิ้วx2ม A22"," Timber Moulding 3/8นิ้วx5/8นิ้วx2m A22"
10000272," 20200324 D-TAP เทปน้ำพุ่ง 5 รู 100 รุ่น"," 20200324 D-TAP เทปน้ำพุ่ง 5 รู 100 รุ่น"
10000273," ทดสอบ IAT Sprint 5"," ทดสอบ IAT Sprint 5"
10000275," BIGJET ปั๊มเปลือยอัตโนมัติ 200 วัตต์"," BIGJET"
10000278," PHILIPS เครื่องปิ้งขนมปัง รุ่น HD2581/00"," PHILIPS รุ่น HD2581/00"
10000282," ZINSANO ปั้มน้ำอัตโนมัติ 200 วัตต์"," ZINSANO 200 Wat"
10000344," Article Description (EN)"," Article Description (EN)"
10000363," Jกาแลไม้สัก 5นิ้วx60ซม."," Carved wooden decorations 5X60 CM."
10000365," กาแลไม้สัก 6นิ้วx1ม"," Carved wooden decorations 6X1 M."
10000377," จั่วไม้ 502 40x50ซม มท"," Wood deck No.502  40x50 Cm."
10000378," Generic หน้ากากอ๊อกอัตโนมัติ"," NASH"
10000382," จั่วไม้ 503 40x40x60ซม มท"," Wood deck No.503  30x40x60 Cm."
10000387," ทดสอบ iat 070420"," iat 070420"
10000433," ฉลุแกะเชิงชาย 6นิ้วx2ม ตีคิ้วตรง Test"," Eaves Lace Wood 6นิ้วx 2m"
10000436," ฉลุแกะเชิงชาย 6นิ้วx2ม พิกุลทอง"," Eaves Lace Wood 6นิ้วx2 m."
10000453," ปั๊มลมตู้ปลา BENZ999 1 ท่อ"," Air Pump  BENZ999 1 tube"
10000462," 23032020 IAT 1"," 23032020 IAT 1"
10000478," จอบผาน 5นิ้ว พร้อมด้าม 1.20ม."," Conventional plows5 นิ้วhandle with 1.20"
10000478," จอบผาน 5นิ้ว พร้อมด้าม 1.20ม."," Conventional plows5 นิ้วhandle with 1.20"
10000508," ฉลุแกะเชิงชาย 6x1ม ตีคิ้วตรง"," Eaves Lace Wood 6x1m."
10000560," LCT เครื่องสกัดคอนกรีต รุ่น PH38A/PR38E2"," DEMOLITION HAMMER2"
10000562," HIKOKI สว่านไฟฟ้า 3/8 นิ้ว รุ่น D10VST"," HIKOKI D10VST"
10000594," HIKOKI สว่านไฟฟ้า 3/8 นิ้ว รุ่น D10VST"," HIKOKI D10VST"
10000594," HIKOKI สว่านไฟฟ้า 3/8 นิ้ว รุ่น D10VST"," HIKOKI D10VST"
10000607," ฟุตวาล์วทองเหลือง รังผึ้ง PVC 3/4 นิ้ว"," ฟุตวาล์วทองเหลือง รังผึ้ง PVC 3/4 นิ้ว"
10000611," test saleset"," None"
10000641," ป้ายโปรดรักษาความสะอาด"," None"
10000646," 1111"," None"
10000647," มาสคอตกระต่าย"," None"
10000654," เครื่องใช้ไฟฟ้า"," None"
10000654," เครื่องใช้ไฟฟ้า"," None"
10000654," เครื่องใช้ไฟฟ้า"," None"
10000654," เครื่องใช้ไฟฟ้า"," None"
10000783," Jซองใส่แผ่น CD สีขาว แพค(50) 555"," CD Envelope  White Color 555 pack(50)"
10000896," Vหมึกขวด Black 100 ml. Canon Free Jet"," VInkjet Freejet Canon Black 100 ml."
10000900," Vหมึกขวด HP 100 ml.Cyan Nash"," VInkjet Nash HP Cyan 100 ml."
10000900," Vหมึกขวด HP 100 ml.Cyan Nash"," VInkjet Nash HP Cyan 100 ml."
10000939," Vหมึกขวด Epson 100 ml.Magenta Nash"," VInkjet Nash Epson Magenta 100 ml."
10000939," Vหมึกขวด Epson 100 ml.Magenta Nash"," VInkjet Nash Epson Magenta 100 ml."
10000944," Vหมึกขวด HP 100 ml.Magenta Nash"," VInkjet Nash HP Magenta 100 ml."
10000944," Vหมึกขวด HP 100 ml.Magenta Nash"," VInkjet Nash HP Magenta 100 ml."
10000953," Vหมึกขวด Cyan 100 ml.Epson Nash"," VInkjet Nash Epson Cyan 100 ml."
10000953," Vหมึกขวด Cyan 100 ml.Epson Nash"," VInkjet Nash Epson Cyan 100 ml."
10000965," Vหมึกขวด HP 100 ml.Yellow Nash"," VInkjet Nash HP Yellow 100 ml."
10000965," Vหมึกขวด HP 100 ml.Yellow Nash"," VInkjet Nash HP Yellow 100 ml."
10000985," ปลั๊กลอย 3 ตา  PR1623 VENA"," VENA3rd Eye Float plug PM009"
10000985," ปลั๊กลอย 3 ตา  PR1623 VENA"," VENA3rd Eye Float plug PM009"
10000985," ปลั๊กลอย 3 ตา  PR1623 VENA"," VENA3rd Eye Float plug PM009"
10001037," Vหมึกขวด Brother 100 ml Black Nash"," VInkjet Nash Brother Black 100 ml."
10001037," Vหมึกขวด Brother 100 ml Black Nash"," VInkjet Nash Brother Black 100 ml."
10001045," Vหมึกขวด HP 100 ml.Black Nash"," VInkjet Nash HP Black 100 ml."
10001045," Vหมึกขวด HP 100 ml.Black Nash"," VInkjet Nash HP Black 100 ml."
10001050," Vหมึกขวด Brother 100 ml.Magenta Nash"," VInkjet Nash Brother Magenta 100 ml."
10001050," Vหมึกขวด Brother 100 ml.Magenta Nash"," VInkjet Nash Brother Magenta 100 ml."
10001059," Vหมึกขวด Brother 100 ml.Cyan Nash"," VInkjet Nash Brother Cyan 100 ml."
10001059," Vหมึกขวด Brother 100 ml.Cyan Nash"," VInkjet Nash Brother Cyan 100 ml."
10001066," Vหมึกขวด Cyan 100 ml.Canon Free Jet"," VInkjet Freejet Canon Cyan 100 ml."
10001066," Vหมึกขวด Cyan 100 ml.Canon Free Jet"," VInkjet Freejet Canon Cyan 100 ml."
10001071,"  หมึกขวด Cyan 100 ml.Epson Free Jet"," VInkjet Freejet Epson Cyan 100 ml."
10001071,"  หมึกขวด Cyan 100 ml.Epson Free Jet"," VInkjet Freejet Epson Cyan 100 ml."
10001088," Vหมึกขวด Epson 100 ml.Yellow Nash"," VInkjet Nash Epson Yellow 100 ml."
10001088," Vหมึกขวด Epson 100 ml.Yellow Nash"," VInkjet Nash Epson Yellow 100 ml."
10001239," Vผ้าหมึกรีฟิว LQ1170 Free jet Epson"," V Ribbon  EPSON LQ1170 Freejet"
10001267," ฝาครอบระบายอากาศ BEFC150WH MEX"," Air Outlet 6FNFC150WH Finext"
10001267," ฝาครอบระบายอากาศ BEFC150WH MEX"," Air Outlet 6FNFC150WH Finext"
10001281," โต๊ะไม้หอมทอง"," None"
10001289," แชล็คกล 8 ขาวสำเร็จ จระเข้"," ESAN ReadyMixed Tinted Shellac 8 1GL"
10001474," โพลียูรีเทน ทีโอเอ กล T4000"," TOA   POTYURETHANE T4000 1GL."
10001499," โพลียูรีเทน2K ทีโอเอ T8100+T8111 เงา"," TOAPOTYURETHANE 2K T8100+T8111"
10001499," โพลียูรีเทน2K ทีโอเอ T8100+T8111 เงา"," TOAPOTYURETHANE 2K T8100+T8111"
10001499," โพลียูรีเทน2K ทีโอเอ T8100+T8111 เงา"," TOAPOTYURETHANE 2K T8100+T8111"
10001502," โพลียูรีเทน2K ทีโอเอ T8800+T8888 ด้าน"," TOAPOTYURETHANE 2K T8100+T8888"
10001502," โพลียูรีเทน2K ทีโอเอ T8800+T8888 ด้าน"," TOAPOTYURETHANE 2K T8100+T8888"
10001502," โพลียูรีเทน2K ทีโอเอ T8800+T8888 ด้าน"," TOAPOTYURETHANE 2K T8100+T8888"
10001557," ทำปก A4 24 50160g. ส้ม Kcolour"," Kcolour paper  24  160g.50  saffron"
10001557," ทำปก A4 24 50160g. ส้ม Kcolour"," Kcolour paper  24  160g.50  saffron"
10001590," ทำปก A4 23 50160g.เขียว Kcolour"," Kcolour paper  23  160g.50  parrot"
10001736," กระดาษรายงาน A4 20060g. M.N."," Paper Report A4 60 gram 200 sheets"
10001736," กระดาษรายงาน A4 20060g. M.N."," Paper Report A4 60 gram 200 sheets"
10001736," กระดาษรายงาน A4 20060g. M.N."," Paper Report A4 60 gram 200 sheets"
10001754," Vกาวลาเท็กซ์ TOA A22S 8ออนซ์"," TOA Adhesives atex A22S 8Oz"
10001805," ฝาครอบเหล็ก 2 1/2นิ้ว"," SHIELD IRON 2 1/2นิ้ว"
10001805," ฝาครอบเหล็ก 2 1/2นิ้ว"," SHIELD IRON 2 1/2นิ้ว"
10001829," Jซองจดหมาย C64 คละสี แพค(20) 555"," Envelope C64 assorted color 555"
10001829," Jซองจดหมาย C64 คละสี แพค(20) 555"," Envelope C64 assorted color 555"
10001851," ซองขาว 9125AA ก.(500) 555"," White Envelope 9125AA 555 box(500)"
10001862," ซองขาว 9125AA แพค(50) 555"," White Envelope 9125AA 555 pack(50)"
10001862," ซองขาว 9125AA แพค(50) 555"," White Envelope 9125AA 555 pack(50)"
10001875," ซองขาว 9125 ครุฑ ก.(500) ขาว"," White Envelope 9125 555 box(50"
10001881," Jซองขาว 9125 ครุฑ แพค(20) 555"," White Envelope 9125 Garuda555 pack(20)"
10001900," ทินเนอร์ ขวดใหญ่ ซีฟิส"," GIPSON Thinner 1GL"
10001901," ทินเนอร์ กล ไซโก้(AAA) ฉลากแดง"," SIKOThinner 1GL"
10001908," Jซองการ์ดสี 8 12 แดง 555"," Red Envelope 8 12 555"
10001908," Jซองการ์ดสี 8 12 แดง 555"," Red Envelope 8 12 555"
10001912," ทินเนอร์ กล ทีโอเอ R71"," TOA Thinner R71 1GL"
10001913," ซองการ์ดสี357 แดง แพค(20) 555"," Red Envelope 357 555 bag(20)"
10001913," ซองการ์ดสี357 แดง แพค(20) 555"," Red Envelope 357 555 bag(20)"
10000026," Samsung Fridge"," ซัมซุงตู้เย็น"
